{
  "entity.zombie.attack_iron_door": {
    "sounds": [
      "entity/zombie/zombie_attack1",
      "entity/zombie/zombie_attack1"
    ]
  },
  "entity.zombie.attack_wooden_door": {
    "sounds": [
      "entity/zombie/zombie_attack1"
    ]
  },
  "entity.zombie.attack": {
    "sounds": [
      "entity/zombie/zombie_attack1"
    ]
  },
  "entity.zombie.ambient": {
    "sounds": [
      "entity/zombie/zombie_attack1",
      "entity/zombie/zombie_attack1"
    ]
  },
  "entity.cat.meow": {
    "sounds": [
      "entity/cat/cle_meow",
      "entity/cat/artur_meow",
      "entity/cat/sound_meow"
    ]
  }
}
}
