{
  "entity.zombie.attack_iron_door": {
    "sounds": [
      "entity/zombie/zombie_attack1"
    ]
  },
  "entity.zombie.attack_wooden_door": {
    "sounds": [
      "entity/zombie/zombie_attack1"
    ]
  },
  "entity.zombie.attack": {
    "sounds": [
      "entity/zombie/zombie_attack1"
    ]
  },
  "entity.zombie.ambient": {
    "sounds": [
      "entity/zombie/zombie_attack1"
    ]
  },
  "entity.cat.meow": {
    "sounds": [
      "entity/cat/cle_meow",
      "entity/cat/artur_meow",
      "entity/cat/sound_meow"
    ]
  },
  "entity.cat.ambient": {
    "sounds": [
      "entity/cat/cle_meow",
      "entity/cat/artur_meow",
      "entity/cat/sound_meow"
    ]
  },
  "entity.cat.purr": {
    "sounds": [
      "entity/cat/cle_meow",
      "entity/cat/artur_meow",
      "entity/cat/sound_meow"
    ]
  },
  "entity.cat.purreow": {
    "sounds": [
      "entity/cat/cle_meow",
      "entity/cat/artur_meow",
      "entity/cat/sound_meow"
    ]
  },
  "entity.cat.hiss": {
    "sounds": [
      "entity/cat/cle_meow",
      "entity/cat/artur_meow",
      "entity/cat/sound_meow"
    ]
  },
  "entity.cat.stray_ambient": {
    "sounds": [
      "entity/cat/cle_meow",
      "entity/cat/artur_meow",
      "entity/cat/sound_meow"
    ]
  },
  "entity.cat.beg_for_food": {
    "sounds": [
      "entity/cat/cle_meow",
      "entity/cat/artur_meow",
      "entity/cat/sound_meow"
    ]
  },
  "entity.cat.eat": {
    "sounds": [
      "entity/cat/cle_meow",
      "entity/cat/artur_meow",
      "entity/cat/sound_meow"
    ]
  },
  "entity.cat.death": {
    "sounds": [
      "entity/cat/cle_meow",
      "entity/cat/artur_meow",
      "entity/cat/sound_meow"
    ]
  },
  "entity.cat.hurt": {
    "sounds": [
      "entity/cat/cle_meow",
      "entity/cat/artur_meow",
      "entity/cat/sound_meow"
    ]
  }
}
